﻿pos_x,pos_y,rotation,side,designator,mpn,pack,footprint,value,mount_type
191.0,-61.85,90.0,bottom,R1,,,R_Axial_DIN0309_L9.0mm_D3.2mm_P12.70mm_Horizontal,10,tht
191.0,-79.2,90.0,bottom,R2,,,R_Axial_DIN0309_L9.0mm_D3.2mm_P12.70mm_Horizontal,10k,tht
189.5,-84.42,180.0,bottom,SW2,,,SW_Tactile_Straight_KSA0Axx1LFTR,SW_Omron_B3FS,tht
170.06,-61.61,90.0,bottom,U1,,,WEMOS_S2_Mini,WEMOS_S2_Mini,smt
164.5,-85.0,-90.0,bottom,U2,,,TP4056,~,smt
172.6047,-76.5995,90.0,top,U4,,,TFT_ST7735_SD,TFT_ST7735_SD,tht
